{"n1pNjGh4w4kJl7ztKVo7ZQ==":"background6.jpg","oJQdtKQ2bdLajZtjcIzUUA==":"background3-1.jpg","uAjFGLm4kvj/fjX86w38mA==":"photo-1524672353063-4f66ee1f385e.jpeg","1JcRVTS/OgqGB+GcrCRitQ==":"448920219-2140077893028031-300110770875676655-n.jpg","6TYS9JVDYp0ydJajMdc9vg==":"449058792-1040139441331186-1636984944696142466-n.jpg","47BW/jdR2bGhWWFk3wJvnQ==":"448924853-1800683413786909-483540384467922502-n.jpg","59ZjVClkzpenoQbjSRaFSg==":"454282305-1896052824245422-1409945483984781373-n.jpg","jPLtiWIdJ/xzluD6z4icsQ==":"451378812-497318379373663-2667608602325664232-n.jpg","KbcCP8MIpNYACST9QojnXA==":"454658353-522010003530483-2076206849567356808-n.jpg","lRho6xl5TK770b4EcL7vbA==":"trinketbooth-profile-pic.png","703jGkvtoXpxbZTG7S89UA==":"features2.jpg","HUfpc9SvDwBk7sbVG2SgiA==":"features3.jpg","WeIcOp+qLfFEPxVAXUUAEA==":"features4.jpg","OyUmL1NLZxSAIrqOWiPmEQ==":"unknown-2.jpg","UuOV82VDWboFeqZzBN95sg==":"trinket.png","CITU/GNgsZJjar+LMoJwqw==":"yres-text-logo-white.png","FwUL4U8XFVg6/T/lDllrGA==":"dsc01563-scaled-e1754943848299-1024x477.jpg","+vba4/9k7FLBIcUJo5r8yw==":"1_1.png","VQCTO9VDsMkya+26S7Vw2Q==":"yres-logo-white.png","BvvwBf/onmziDCvcgDLjUQ==":"yres-mountain-white.png","fhHUA4jaeDkvYPlGPCnFZA==":"powerupjnb-2021-06-21-193340-1080x1080.jpg","oRykAiO0rUD++7AmPeEwUg==":"background1-1.jpg","ZZTtMxkS9cpRYg0yYSlKDw==":"snoop-right-1.png","AmtvmtHKZZbQrv8GNvkB9g==":"aapl.png","H6cS82lTuJigWMY0ing12A==":"image.jpg","2MwHBsh6mcdM5krjG+CgdQ==":"iphonetelegram.png","zzYwmXh8Zyj8bxGL4Nr1Qw==":"main-1.png","VHYqpBofHV6FT3QMXoQTyg==":"untitled-design.png","DmFkpigGtUtf+7E1CBg/EQ==":"249fa90e-6144-4042-b580-75125043ece8-e6d51ee3-3c1d-453c-ab15-2ea7bbfd63ac.png","10a07UYgpQXMeXsQsKhFAA==":"terminal.svg","DS+mEBYOhlF3fF8Tx+IQ+A==":"terminal.png","z5SMH473DMQf8kRFZG//JQ==":"iphone2.png","4WCK+n0gbsRsQurfICjOqQ==":"iphone.png","VF8jMkr7/upG9ASm2OX26Q==":"github.svg","3BY5aP56RgDGfYjywr8oQw==":"reddit.svg","wA9D5EFteqCQQn19IlglJQ==":"twitter.svg","dzB6JOqqSxW8VjXjHEBvyA==":"telegram.svg","sl5RgZv7Kct3tO7PaiWNKA==":"discord.svg"}